{"cameraMode":{"drawMode":0,"name":"Shaded","section":"Shading Mode"},"sceneLighting":true,"audioPlay":false,"sceneViewState":{"showFog":true,"showMaterialUpdate":false,"showSkybox":true,"showFlares":true,"showImageEffects":true,"showParticleSystems":true},"in2DMode":false,"pivot":{"x":257.7327880859375,"y":-175.8604736328125,"z":51.5494384765625},"rotation":{"x":0.27838242053985598,"y":-0.2534545361995697,"z":0.07635204493999481,"w":0.9233546853065491},"size":883.6708374023438,"orthographic":false}